time,high_BTC,low_BTC,open_BTC,volumefrom_BTC,volumeto_BTC,close_BTC,conversionType_BTC,conversionSymbol_BTC,high_ETH,low_ETH,open_ETH,volumefrom_ETH,volumeto_ETH,close_ETH,conversionType_ETH,conversionSymbol_ETH
2023-07-27,29566.99,29082.04,29352.06,12727.55,373268935.18,29217.05,direct,,1885.88,1854.75,1871.94,92489.79,172986040.03,1860.95,direct,
2023-07-28,29528.45,29121.24,29217.05,11707.43,342975082.63,29316.82,direct,,1882.21,1856.42,1860.95,84360.48,157806868.85,1874.32,direct,
2023-07-29,29406.57,29258.14,29316.82,4989.17,146316009.97,29358.76,direct,,1886.25,1869.84,1874.32,35930.88,67420133.0,1880.9,direct,
2023-07-30,29449.84,29043.43,29358.76,7661.41,224246250.77,29283.34,direct,,1885.32,1849.68,1880.9,71017.31,132571482.86,1861.71,direct,
2023-07-31,29524.99,29108.82,29283.34,14553.25,426457343.16,29231.47,direct,,1876.63,1850.86,1861.71,108149.1,201325420.68,1856.01,direct,
2023-08-01,29721.48,28564.09,29231.47,28319.33,822433494.24,29699.74,direct,,1874.67,1812.77,1856.01,219807.87,404099981.78,1872.96,direct,
2023-08-02,30029.06,28914.46,29699.74,28507.89,838251477.68,29163.69,direct,,1878.64,1820.43,1872.96,152558.88,281934846.64,1839.07,direct,
2023-08-03,29397.03,28945.61,29163.69,15427.08,450334651.17,29177.75,direct,,1857.31,1824.39,1839.07,113475.48,208780805.48,1834.44,direct,
2023-08-04,29308.95,28794.51,29177.75,12900.38,375805085.38,29078.51,direct,,1849.34,1815.23,1834.44,118591.31,217682208.64,1827.52,direct,
2023-08-05,29111.36,28953.98,29078.51,4135.0,120051247.27,29050.34,direct,,1837.2,1824.73,1827.52,40010.61,73250862.43,1834.9,direct,
2023-08-06,29164.68,28962.89,29050.34,4361.16,126689336.09,29046.16,direct,,1836.84,1824.48,1834.9,42056.49,76980593.22,1827.81,direct,
2023-08-07,29245.27,28672.37,29046.16,16388.65,475156597.17,29182.16,direct,,1844.14,1800.61,1827.81,138712.48,252903494.71,1827.07,direct,
2023-08-08,30210.36,29111.88,29182.16,26561.94,786792606.34,29770.51,direct,,1875.47,1824.41,1827.07,153819.57,284363251.37,1855.78,direct,
2023-08-09,30120.86,29356.43,29770.51,17933.09,532770863.32,29566.47,direct,,1870.77,1844.53,1855.78,108839.38,201917130.17,1854.14,direct,
2023-08-10,29707.55,29319.58,29566.47,12722.06,375142806.93,29428.1,direct,,1864.25,1844.49,1854.14,72694.36,134629659.34,1850.51,direct,
2023-08-11,29535.4,29219.56,29428.1,10550.47,310027638.11,29403.56,direct,,1855.2,1837.1,1850.51,74423.11,137388777.18,1847.01,direct,
2023-08-12,29471.12,29356.08,29403.56,3495.96,102819295.5,29417.08,direct,,1852.66,1845.37,1847.01,35133.53,64959465.73,1849.08,direct,
2023-08-13,29447.27,29257.12,29417.08,3928.8,115373186.78,29281.55,direct,,1860.01,1833.39,1849.08,44017.87,81329475.04,1839.07,direct,
2023-08-14,29664.61,29082.39,29281.55,12333.02,362522208.47,29409.22,direct,,1854.17,1833.55,1839.07,80532.62,148596306.79,1844.02,direct,
2023-08-15,29460.86,29056.77,29409.22,10214.85,299026558.28,29171.23,direct,,1845.58,1811.79,1844.02,75434.51,138258892.85,1827.21,direct,
2023-08-16,29228.22,28696.21,29171.23,16506.96,479152538.98,28702.8,direct,,1829.42,1796.32,1827.21,116390.89,211465905.78,1805.68,direct,
2023-08-17,28752.02,25328.06,28702.8,50603.71,1394530695.43,26629.67,direct,,1808.11,1538.26,1805.68,342502.46,586328524.5,1681.74,direct,
2023-08-18,26823.13,25629.62,26629.67,33853.32,888090076.41,26049.69,direct,,1699.0,1641.05,1681.74,244267.04,408868800.0,1661.34,direct,
2023-08-19,26266.25,25797.39,26049.69,10190.62,265159375.46,26095.8,direct,,1695.56,1653.99,1661.34,85392.14,142631159.81,1669.67,direct,
2023-08-20,26291.33,25983.85,26095.8,7358.66,192271431.08,26191.01,direct,,1694.11,1662.16,1669.67,77051.98,129059232.43,1685.38,direct,
2023-08-21,26248.2,25819.92,26191.01,16512.71,430024076.12,26126.18,direct,,1687.62,1649.81,1685.38,133144.55,222346407.69,1667.37,direct,
2023-08-22,26137.6,25369.8,26126.18,19880.36,514473682.56,26043.01,direct,,1669.14,1582.66,1667.37,187472.16,306952239.8,1634.23,direct,
2023-08-23,26807.82,25802.48,26043.01,25584.15,672652092.31,26429.4,direct,,1700.22,1629.05,1634.23,197778.05,328759845.74,1679.23,direct,
2023-08-24,26565.88,25859.32,26429.4,17135.14,449180401.68,26166.22,direct,,1682.97,1635.8,1679.23,136664.44,226405478.01,1660.46,direct,
2023-08-25,26291.13,25759.58,26166.22,18808.91,489263026.85,26051.29,direct,,1675.75,1634.84,1660.46,152712.57,252242786.57,1652.94,direct,
2023-08-26,26109.19,25979.58,26051.29,3572.84,93024725.64,26010.35,direct,,1654.84,1643.21,1652.94,33734.15,55624499.94,1646.3,direct,
2023-08-27,26168.79,25966.75,26010.35,4137.97,107924452.3,26091.32,direct,,1659.41,1645.5,1646.3,41210.49,68111939.3,1657.6,direct,
2023-08-28,26233.53,25861.84,26091.32,11633.38,302943657.3,26106.0,direct,,1662.45,1622.25,1657.6,106796.31,175729854.06,1652.22,direct,
2023-08-29,28154.08,25911.89,26106.0,39870.36,1089036684.85,27724.41,direct,,1745.27,1639.27,1652.22,216413.42,368669910.11,1729.38,direct,
2023-08-30,27766.41,27036.49,27724.41,19031.6,520197058.0,27305.41,direct,,1730.8,1696.18,1729.38,112822.42,193154994.53,1705.51,direct,
2023-08-31,27563.68,25683.18,27305.41,27850.06,741278108.53,25937.29,direct,,1725.0,1630.36,1705.51,180257.29,302646661.02,1645.67,direct,
2023-09-01,26137.14,25323.44,25937.29,24807.18,639696809.37,25798.79,direct,,1654.21,1602.15,1645.67,140655.9,229505773.05,1628.51,direct,
2023-09-02,25980.31,25729.66,25798.79,7017.96,181289556.36,25868.56,direct,,1644.58,1627.58,1628.51,44394.41,72557044.83,1636.88,direct,
2023-09-03,26115.72,25805.82,25868.56,6190.05,160541183.85,25971.37,direct,,1646.49,1625.26,1636.88,51338.16,83967516.22,1635.72,direct,
2023-09-04,26089.36,25636.28,25971.37,8832.41,228454428.06,25816.24,direct,,1644.24,1616.39,1635.72,65027.05,106014643.86,1629.77,direct,
2023-09-05,25878.61,25567.56,25816.24,10888.31,280146729.52,25785.01,direct,,1646.6,1609.17,1629.77,95396.0,155443741.05,1633.83,direct,
2023-09-06,26019.64,25379.85,25785.01,15183.61,390027105.24,25751.71,direct,,1667.18,1609.76,1633.83,115555.19,188596252.64,1632.35,direct,
2023-09-07,26426.41,25600.8,25751.71,18952.45,491838528.79,26264.75,direct,,1658.54,1622.78,1632.35,108972.21,178418926.08,1647.63,direct,
2023-09-08,26443.61,25650.9,26264.75,18556.34,482397556.59,25907.13,direct,,1658.02,1616.13,1647.63,113530.21,185655920.66,1636.13,direct,
2023-09-09,25936.62,25799.89,25907.13,4094.4,105931726.4,25898.41,direct,,1637.06,1629.53,1636.13,29811.67,48715977.58,1635.27,direct,
2023-09-10,26020.84,25589.02,25898.41,8434.22,217583144.54,25833.67,direct,,1635.6,1598.26,1635.27,87612.55,141811583.08,1616.78,direct,
2023-09-11,25889.38,24911.78,25833.67,24481.75,619642052.88,25157.07,direct,,1618.59,1531.41,1616.78,222853.36,350478203.43,1551.53,direct,
2023-09-12,26545.24,25128.37,25157.07,36111.44,937711286.48,25840.34,direct,,1624.44,1549.46,1551.53,182681.33,290923261.09,1593.09,direct,
2023-09-13,26432.59,25768.65,25840.34,18955.32,495397769.94,26227.49,direct,,1618.1,1581.83,1593.09,146553.33,234456204.57,1607.97,direct,
2023-09-14,26845.74,26136.39,26227.49,24488.8,649517751.61,26533.66,direct,,1643.67,1607.51,1607.97,176132.72,286524359.38,1627.01,direct,
2023-09-15,26879.57,26224.91,26533.66,17339.0,459310066.65,26605.49,direct,,1653.05,1611.89,1627.01,107443.76,174858821.85,1641.48,direct,
2023-09-16,26771.68,26459.99,26605.49,7062.9,187703875.45,26569.13,direct,,1652.0,1631.94,1641.48,51027.56,83641957.75,1634.86,direct,
2023-09-17,26621.93,26413.39,26569.13,5698.34,151125765.17,26533.12,direct,,1635.55,1612.65,1634.86,52875.06,85972165.39,1622.81,direct,
2023-09-18,27425.7,26394.81,26533.12,29536.95,797114111.3,26767.82,direct,,1669.3,1606.15,1622.81,154872.45,254499442.83,1637.19,direct,
2023-09-19,27493.85,26676.6,26767.82,24703.82,670630172.73,27219.02,direct,,1660.5,1627.21,1637.19,112415.8,184891179.92,1643.58,direct,
2023-09-20,27389.22,26814.07,27219.02,21439.58,581302466.15,27126.4,direct,,1649.54,1605.7,1643.58,148630.68,242158870.38,1622.39,direct,
2023-09-21,27162.0,26373.55,27126.4,20948.1,559336631.68,26567.47,direct,,1625.21,1568.44,1622.39,150102.38,239767218.36,1584.04,direct,
2023-09-22,26738.04,26478.87,26567.47,15354.82,408613785.26,26583.16,direct,,1602.27,1577.13,1584.04,102642.72,163522895.05,1593.13,direct,
2023-09-23,26640.84,26522.49,26583.16,5251.29,139605320.21,26585.41,direct,,1598.18,1588.07,1593.13,37820.27,60256774.05,1593.91,direct,
2023-09-24,26732.91,26146.79,26585.41,9848.35,260953441.64,26261.44,direct,,1600.73,1570.95,1593.91,64815.76,103003077.92,1580.76,direct,
2023-09-25,26439.02,25997.17,26261.44,19804.27,518905094.49,26297.93,direct,,1596.93,1563.59,1580.76,129190.89,204351095.27,1588.04,direct,
2023-09-26,26395.42,26090.75,26297.93,12902.09,338286231.16,26212.59,direct,,1598.33,1579.84,1588.04,106488.35,169116251.08,1593.27,direct,
2023-09-27,26828.5,26096.78,26212.59,24188.11,638562791.04,26360.2,direct,,1632.85,1582.93,1593.27,165773.31,266115436.32,1597.73,direct,
2023-09-28,27306.05,26328.53,26360.2,30832.51,827813877.45,27027.2,direct,,1667.83,1597.1,1597.73,254866.68,417307877.44,1652.9,direct,
2023-09-29,27233.94,26674.22,27027.2,21721.72,585322764.87,26909.4,direct,,1688.1,1648.4,1652.9,208708.07,348158317.18,1667.44,direct,
2023-09-30,27095.39,26887.09,26909.4,7260.78,195916128.74,26964.27,direct,,1693.97,1666.36,1667.44,100605.59,168691450.13,1670.97,direct,
2023-10-01,28060.49,26958.76,26964.27,16861.15,464200302.08,27994.51,direct,,1756.57,1668.69,1670.97,153318.81,260450967.05,1733.44,direct,
2023-10-02,28585.13,27312.81,27994.51,42701.42,1198411956.48,27507.22,direct,,1743.65,1638.79,1733.44,321968.06,547118665.83,1662.8,direct,
2023-10-03,27669.05,27170.07,27507.22,22621.25,620603083.21,27428.66,direct,,1670.57,1643.9,1662.8,193423.11,320387316.67,1656.96,direct,
2023-10-04,27836.54,27222.97,27428.66,18061.23,497243557.18,27789.8,direct,,1657.76,1625.61,1656.96,157246.2,258093521.67,1646.79,direct,
2023-10-05,28128.37,27363.01,27789.8,25127.82,696054430.54,27414.59,direct,,1654.85,1608.96,1646.79,166310.68,270654077.48,1611.72,direct,
2023-10-06,28280.04,27181.63,27414.59,25278.57,701648471.47,27946.61,direct,,1661.26,1611.72,1611.72,154920.65,253531816.85,1645.93,direct,
2023-10-07,28035.05,27864.11,27946.61,7351.08,205394649.0,27973.69,direct,,1648.54,1631.04,1645.93,54861.79,89945206.18,1634.64,direct,
2023-10-08,28105.36,27714.35,27973.69,8547.03,238690010.87,27933.57,direct,,1642.17,1617.5,1634.64,74219.89,121021981.15,1633.61,direct,
2023-10-09,27999.8,27282.89,27933.57,21887.87,603964078.09,27598.77,direct,,1636.39,1547.88,1633.61,213202.04,339017511.32,1580.25,direct,
2023-10-10,27735.72,27298.5,27598.77,18600.95,511109469.33,27395.4,direct,,1594.87,1551.22,1580.25,161967.57,254975021.38,1567.68,direct,
2023-10-11,27475.69,26531.55,27395.4,30496.51,821395574.15,26871.21,direct,,1578.37,1545.6,1567.68,188645.12,294808400.58,1566.52,direct,
2023-10-12,26937.98,26549.78,26871.21,16400.37,438531983.5,26756.23,direct,,1567.96,1521.78,1566.52,167816.78,259081681.89,1539.43,direct,
2023-10-13,27110.91,26674.97,26756.23,18507.04,496779424.55,26862.9,direct,,1573.36,1537.64,1539.43,144951.05,224374179.99,1552.12,direct,
2023-10-14,26982.78,26810.02,26862.9,5865.21,157685357.78,26854.52,direct,,1561.42,1545.01,1552.12,49919.63,77502622.78,1555.02,direct,
2023-10-15,27297.26,26813.06,26854.52,10978.68,297110024.59,27177.41,direct,,1566.8,1548.99,1555.02,62753.06,97772202.07,1557.99,direct,
2023-10-16,30009.15,27131.48,27177.41,66720.48,1884462991.7,28518.37,direct,,1640.11,1555.34,1557.99,280738.92,446574747.49,1600.09,direct,
2023-10-17,28628.83,28094.14,28518.37,26038.83,739741149.31,28409.46,direct,,1601.37,1553.3,1600.09,151475.09,238856568.1,1565.4,direct,
2023-10-18,28988.79,28156.7,28409.46,23999.55,682875511.71,28328.07,direct,,1585.93,1556.22,1565.4,143924.79,226187063.01,1563.66,direct,
2023-10-19,28927.17,28135.5,28328.07,25550.36,730081363.3,28733.78,direct,,1575.26,1542.75,1563.66,153441.72,239202217.14,1567.55,direct,
2023-10-20,30243.12,28596.96,28733.78,42016.08,1241026952.55,29684.37,direct,,1631.26,1562.17,1567.55,229023.77,367271257.58,1604.86,direct,
2023-10-21,30365.61,29480.22,29684.37,15637.83,467626116.49,29924.08,direct,,1644.6,1593.24,1604.86,137236.81,222184082.89,1629.44,direct,
2023-10-22,30232.64,29674.58,29924.08,13845.91,414432274.92,30001.44,direct,,1668.32,1622.28,1629.44,157183.18,257522472.2,1664.18,direct,
2023-10-23,34739.17,29898.26,30001.44,73249.41,2308556876.22,33084.08,direct,,1799.36,1658.04,1664.18,457998.91,780661240.02,1766.32,direct,
2023-10-24,35183.22,32857.8,33084.08,75112.67,2559949343.79,33923.52,direct,,1854.43,1746.5,1766.32,517541.13,932151066.26,1785.2,direct,
2023-10-25,35136.87,33698.9,33923.52,43002.87,1481128342.82,34503.4,direct,,1817.52,1760.54,1785.2,302831.01,542177185.66,1787.67,direct,
2023-10-26,34836.51,33746.16,34503.4,36463.09,1248469956.72,34157.06,direct,,1865.88,1763.34,1787.67,344775.19,622443034.73,1803.72,direct,
2023-10-27,34246.78,33406.13,34157.06,30792.41,1044635721.14,33907.7,direct,,1804.16,1745.3,1803.72,226527.41,403162777.61,1779.98,direct,
2023-10-28,34494.4,33876.07,33907.7,10888.97,371696781.35,34090.05,direct,,1803.03,1771.67,1779.98,84407.79,150723329.54,1776.59,direct,
2023-10-29,34761.09,33947.8,34090.05,13639.48,469534963.71,34535.38,direct,,1811.49,1763.3,1776.59,92197.88,165219418.28,1795.69,direct,
2023-10-30,34862.12,34090.22,34535.38,23948.89,825552244.82,34494.56,direct,,1830.35,1778.41,1795.69,168252.25,303881269.37,1809.85,direct,
2023-10-31,34726.05,34058.4,34494.56,21982.74,756326173.72,34657.73,direct,,1819.86,1782.09,1809.85,182002.83,328080843.27,1815.45,direct,
2023-11-01,35623.76,34096.9,34657.73,34274.26,1190955576.06,35439.76,direct,,1857.88,1784.08,1815.45,282652.25,514586090.27,1847.63,direct,
2023-11-02,35973.2,34323.19,35439.76,31205.25,1097011932.14,34947.15,direct,,1874.87,1785.57,1847.63,274296.45,501202295.02,1801.34,direct,
2023-11-03,34950.21,34118.29,34947.15,27811.97,960199464.71,34732.28,direct,,1835.48,1777.57,1801.34,220360.86,397766768.21,1833.71,direct,
2023-11-04,35278.07,34606.38,34732.28,10840.41,377653497.47,35086.09,direct,,1870.53,1825.2,1833.71,111595.25,205289548.49,1857.23,direct,
2023-11-05,35393.84,34489.02,35086.09,15210.52,533016306.01,35039.47,direct,,1913.61,1847.68,1857.23,196043.45,369431668.22,1893.28,direct,
2023-11-06,35288.36,34758.64,35039.47,17520.44,613732584.95,35054.59,direct,,1915.3,1870.95,1893.28,216485.51,410308088.3,1901.65,direct,
2023-11-07,35929.83,34537.87,35054.59,28810.78,1012278827.62,35421.85,direct,,1907.78,1851.17,1901.65,286201.17,538999159.16,1886.12,direct,
2023-11-08,36109.43,35120.46,35421.85,26404.64,937630450.49,35638.33,direct,,1905.07,1873.92,1886.12,181125.66,342300115.53,1889.05,direct,
2023-11-09,37990.51,35557.78,35638.33,62530.57,2296501186.4,36704.14,direct,,2131.61,1883.26,1889.05,629555.35,1255720592.59,2121.13,direct,
2023-11-10,37536.44,36342.27,36704.14,32545.3,1206040827.09,37321.51,direct,,2136.09,2066.23,2121.13,369744.07,775967652.37,2078.52,direct,
2023-11-11,37417.29,36701.83,37321.51,14920.5,553215494.09,37142.22,direct,,2090.87,2032.5,2078.52,222199.13,458212190.26,2053.53,direct,
2023-11-12,37233.45,36747.05,37142.22,9320.87,345567975.97,37079.76,direct,,2066.66,2014.15,2053.53,198302.57,406409439.52,2045.4,direct,
2023-11-13,37429.52,36358.0,37079.76,24368.53,897671274.64,36482.51,direct,,2118.47,2030.13,2045.4,327291.63,677275855.69,2054.32,direct,
2023-11-14,36752.31,34788.17,36482.51,33896.65,1219819360.84,35551.21,direct,,2065.29,1930.94,2054.32,332952.38,672516247.43,1979.66,direct,
2023-11-15,37977.31,35374.22,35551.21,39005.98,1436101057.95,37884.19,direct,,2063.09,1967.9,1979.66,318254.59,641189379.56,2059.63,direct,
2023-11-16,37951.14,35512.38,37884.19,38917.77,1428319260.74,36162.42,direct,,2092.27,1930.36,2059.63,388947.79,783609970.96,1961.54,direct,
2023-11-17,36780.63,35873.7,36162.42,28253.69,1027029255.11,36626.32,direct,,1991.18,1906.37,1961.54,292696.22,571715090.11,1961.61,direct,
2023-11-18,36853.45,36212.85,36626.32,8649.03,316037508.01,36591.19,direct,,1972.15,1918.15,1961.61,124677.25,243248653.35,1963.67,direct,
2023-11-19,37529.1,36411.61,36591.19,11668.93,430198062.65,37388.64,direct,,2016.3,1944.72,1963.67,142484.86,280987485.15,2012.46,direct,
2023-11-20,37770.11,36767.05,37388.64,31117.45,1162294169.25,37476.66,direct,,2067.57,1995.32,2012.46,348477.96,706775221.8,2022.62,direct,
2023-11-21,37665.29,35753.93,37476.66,42793.3,1579350547.76,35758.72,direct,,2035.52,1932.84,2022.62,322140.51,640934598.31,1933.76,direct,
2023-11-22,37866.63,35656.41,35758.72,36262.61,1335151412.8,37424.2,direct,,2092.34,1930.15,1933.76,311184.99,632049361.21,2064.08,direct,
2023-11-23,37646.06,36892.34,37424.2,16793.76,626668140.1,37299.18,direct,,2088.81,2040.7,2064.08,167576.88,345465511.14,2062.63,direct,
2023-11-24,38432.07,37262.39,37299.18,34951.5,1322597274.57,37737.05,direct,,2133.82,2059.8,2062.63,274783.65,576843379.99,2082.24,direct,
2023-11-25,37907.84,37616.03,37737.05,8271.55,312424824.64,37801.92,direct,,2091.51,2067.12,2082.24,82529.48,171820574.07,2084.06,direct,
2023-11-26,37829.46,37159.52,37801.92,12751.26,478214999.45,37460.21,direct,,2095.12,2037.74,2084.06,129845.35,268817596.0,2063.01,direct,
2023-11-27,37568.17,36727.3,37460.21,24674.21,914744666.52,37246.29,direct,,2071.85,1986.06,2063.01,266169.84,538765882.42,2027.67,direct,
2023-11-28,38410.41,36879.99,37246.29,33506.06,1265755538.49,37836.63,direct,,2075.82,1995.65,2027.67,244541.64,499177888.15,2049.1,direct,
2023-11-29,38456.97,37589.12,37836.63,27433.75,1041457987.13,37861.9,direct,,2075.4,2019.91,2049.1,192819.29,394195647.34,2029.17,direct,
2023-11-30,38149.78,37505.7,37861.9,16874.61,637264648.28,37729.58,direct,,2055.28,2021.3,2029.17,168503.05,343390100.77,2052.93,direct,
2023-12-01,38982.35,37626.12,37729.58,32942.59,1268612412.23,38699.84,direct,,2111.43,2046.0,2052.93,288439.68,602439017.29,2088.21,direct,
2023-12-02,39712.52,38659.45,38699.84,17299.38,677167721.21,39469.35,direct,,2189.14,2087.29,2088.21,185471.76,395659097.47,2165.6,direct,
2023-12-03,40203.23,39288.91,39469.35,16087.63,638707315.07,39980.93,direct,,2217.45,2150.33,2165.6,186813.18,406014985.22,2193.78,direct,
2023-12-04,42399.42,39980.36,39980.93,48574.89,2012390115.57,41984.41,direct,,2273.89,2192.42,2193.78,385897.57,861288624.2,2243.25,direct,
2023-12-05,44639.18,41368.51,41984.41,52083.86,2234743414.43,44089.06,direct,,2309.38,2189.0,2243.25,375596.22,844781771.01,2293.88,direct,
2023-12-06,44286.67,43386.17,44089.06,39080.76,1715623988.73,43771.01,direct,,2312.02,2220.51,2293.88,317773.47,721010308.06,2232.96,direct,
2023-12-07,44050.53,42856.57,43771.01,30381.14,1320509439.92,43285.02,direct,,2383.16,2222.53,2232.96,348732.95,803734991.96,2356.77,direct,
2023-12-08,44735.52,43094.02,43285.02,29502.75,1292562850.41,44186.18,direct,,2391.56,2339.41,2356.77,305258.55,720748174.99,2358.94,direct,
2023-12-09,44373.02,43597.57,44186.18,15066.31,662982186.27,43723.0,direct,,2403.29,2330.43,2358.94,198992.16,469803736.49,2341.13,direct,
2023-12-10,44047.82,43584.51,43723.0,11497.59,503801762.3,43791.67,direct,,2377.41,2322.8,2341.13,136086.14,319769603.62,2352.31,direct,
2023-12-11,43808.9,40180.77,43791.67,58689.61,2446801856.72,41235.58,direct,,2354.9,2133.47,2352.31,445434.99,991604563.0,2224.1,direct,
2023-12-12,42080.61,40648.18,41235.58,31480.37,1305859570.88,41472.94,direct,,2242.96,2165.58,2224.1,295298.97,651964538.12,2202.33,direct,
2023-12-13,43461.75,40579.83,41472.94,36203.68,1517574126.2,42887.55,direct,,2284.2,2145.57,2202.33,334848.88,739438151.2,2260.72,direct,
2023-12-14,43416.91,41433.23,42887.55,34166.34,1460749070.58,43030.6,direct,,2332.24,2231.57,2260.72,317672.75,724615038.72,2316.03,direct,
2023-12-15,43091.28,41662.1,43030.6,25157.34,1065004798.33,41939.16,direct,,2318.06,2201.14,2316.03,249807.39,564042261.96,2220.32,direct,
2023-12-16,42678.86,41640.84,41939.16,13495.73,570286280.98,42243.26,direct,,2261.92,2210.47,2220.32,134448.38,301358311.22,2227.14,direct,
2023-12-17,42372.05,41228.17,42243.26,18460.88,772939037.53,41349.42,direct,,2245.8,2190.85,2227.14,152730.31,338828172.15,2194.84,direct,
2023-12-18,42744.41,40512.69,41349.42,32860.71,1362661202.35,42650.27,direct,,2222.91,2115.85,2194.84,274538.09,595550230.79,2218.75,direct,
2023-12-19,43454.44,41796.54,42650.27,30940.15,1318306822.38,42268.08,direct,,2253.93,2135.19,2218.75,285016.52,627857676.22,2177.38,direct,
2023-12-20,44303.12,42195.52,42268.08,41481.09,1805958609.9,43669.91,direct,,2265.11,2157.77,2177.38,361405.83,799599916.57,2202.03,direct,
2023-12-21,44245.16,43306.15,43669.91,29872.95,1306652594.38,43875.01,direct,,2279.1,2183.31,2202.03,315319.45,702166382.68,2239.88,direct,
2023-12-22,44417.78,43426.51,43875.01,24740.39,1084076406.5,44008.04,direct,,2343.73,2231.32,2239.88,393077.37,904108088.07,2326.53,direct,
2023-12-23,44024.62,43338.34,44008.04,10973.31,479555333.8,43732.75,direct,,2332.23,2267.35,2326.53,192582.36,441823544.27,2309.54,direct,
2023-12-24,43965.2,42635.13,43732.75,14281.15,621424795.87,43023.12,direct,,2326.83,2245.12,2309.54,191626.92,439156963.98,2265.42,direct,
2023-12-25,43808.21,42763.83,43023.12,14747.02,639501515.36,43593.79,direct,,2304.59,2254.36,2265.42,156954.53,357468201.78,2271.75,direct,
2023-12-26,43604.51,41616.59,43593.79,30529.57,1297798884.96,42517.32,direct,,2275.06,2174.17,2271.75,270459.64,603300122.32,2230.94,direct,
2023-12-27,43694.83,42121.77,42517.32,27420.29,1178861473.09,43469.34,direct,,2393.37,2212.66,2230.94,392451.76,910568561.01,2380.34,direct,
2023-12-28,43817.61,42283.91,43469.34,29112.04,1249335317.05,42588.94,direct,,2447.35,2337.42,2380.34,463684.99,1106269642.94,2345.44,direct,
2023-12-29,43134.59,41296.86,42588.94,34268.41,1450476730.93,42073.59,direct,,2386.68,2256.07,2345.44,355338.55,827517118.66,2299.64,direct,
2023-12-30,42595.81,41529.95,42073.59,21511.57,905852574.49,42146.03,direct,,2322.76,2268.2,2299.64,174599.67,401063000.08,2291.65,direct,
2023-12-31,42863.11,41970.37,42146.03,21509.24,912867128.16,42280.14,direct,,2319.95,2259.29,2291.65,205152.64,470583638.73,2281.36,direct,
2024-01-01,44210.89,42187.32,42280.14,19499.59,839894208.67,44197.61,direct,,2352.66,2265.26,2281.36,174286.19,402344005.13,2352.65,direct,
2024-01-02,45918.98,44181.86,44197.61,57443.36,2596745174.99,44970.34,direct,,2432.62,2343.68,2352.65,345621.3,822251765.93,2356.28,direct,
2024-01-03,45513.73,40214.67,44970.34,82056.19,3533041051.83,42854.08,direct,,2385.27,2092.33,2356.28,526602.95,1186045453.16,2210.57,direct,
2024-01-04,44797.03,42657.44,42854.08,49538.94,2167748750.23,44194.38,direct,,2296.81,2203.62,2210.57,322407.35,726479158.46,2269.47,direct,
2024-01-05,44377.15,42508.08,44194.38,54169.3,2368276569.22,44178.89,direct,,2277.99,2208.01,2269.47,283754.94,636927548.08,2270.21,direct,
2024-01-06,44248.4,43444.9,44178.89,16352.13,717065469.35,43988.33,direct,,2271.59,2218.09,2270.21,153695.94,344776545.69,2241.73,direct,
2024-01-07,44496.47,43639.57,43988.33,20056.41,884154712.5,43950.84,direct,,2258.2,2207.13,2241.73,164529.0,368349920.27,2222.73,direct,
2024-01-08,47295.94,43209.8,43950.84,66057.64,3000303504.99,46988.14,direct,,2360.37,2168.41,2222.73,321740.49,729642394.88,2332.66,direct,
2024-01-09,47923.17,44889.64,46988.14,66281.93,3083632967.78,46123.0,direct,,2373.21,2231.3,2332.66,407628.13,935753315.62,2344.97,direct,
2024-01-10,47705.84,44326.32,46123.0,80226.64,3677964834.63,46667.48,direct,,2643.46,2341.51,2344.97,759673.12,1859360455.9,2584.69,direct,
2024-01-11,49054.05,45580.11,46667.48,77548.89,3638877778.74,46353.15,direct,,2690.17,2567.23,2584.69,565520.51,1478952412.93,2618.71,direct,
2024-01-12,46512.17,41454.57,46353.15,87031.78,3855256978.62,42776.42,direct,,2717.2,2455.87,2618.71,608482.23,1587803065.78,2522.11,direct,
2024-01-13,43243.47,42438.36,42776.42,23024.72,986309535.03,42839.19,direct,,2589.5,2497.1,2522.11,309808.72,789992067.14,2577.89,direct,
2024-01-14,43060.49,41702.53,42839.19,21730.6,924871801.97,41704.39,direct,,2578.65,2468.6,2577.89,219094.29,554407683.57,2470.94,direct,
2024-01-15,43325.88,41687.69,41704.39,24561.1,1046074902.52,42491.26,direct,,2551.4,2469.25,2470.94,211497.41,532405002.36,2510.12,direct,
2024-01-16,43562.19,42047.82,42491.26,36429.24,1565259395.93,43130.88,direct,,2613.41,2498.62,2510.12,260620.37,665381293.48,2586.91,direct,
2024-01-17,43183.19,42172.64,43130.88,32911.24,1403011843.2,42739.27,direct,,2592.23,2505.29,2586.91,214487.05,546139971.58,2528.09,direct,
2024-01-18,42876.35,40606.86,42739.27,45180.42,1885882508.36,41286.68,direct,,2546.7,2424.13,2528.09,300049.73,747913574.26,2468.6,direct,
2024-01-19,42151.57,40246.58,41286.68,45191.13,1864062474.18,41625.47,direct,,2501.85,2412.93,2468.6,301556.02,743840311.23,2490.05,direct,
2024-01-20,41846.45,41433.27,41625.47,13096.14,544668570.57,41677.08,direct,,2490.05,2452.6,2490.05,114757.82,283565628.23,2470.31,direct,
2024-01-21,41862.83,41493.59,41677.08,9176.94,382561229.54,41570.17,direct,,2480.59,2451.91,2470.31,84186.67,207909134.54,2455.35,direct,
2024-01-22,41669.9,39396.81,41570.17,56109.4,2270442343.15,39523.63,direct,,2464.27,2302.07,2455.35,382384.29,908763742.8,2311.54,direct,
2024-01-23,40136.09,38512.34,39523.63,46007.49,1805745649.27,39876.44,direct,,2349.2,2165.34,2311.54,476808.58,1064700522.86,2241.32,direct,
2024-01-24,40526.25,39429.31,39876.44,37009.85,1476062916.95,40078.62,direct,,2262.69,2195.63,2241.32,271737.21,605305544.17,2234.13,direct,
2024-01-25,40280.91,39523.94,40078.62,29183.88,1164224625.52,39941.74,direct,,2241.03,2170.05,2234.13,242755.56,536955642.14,2217.5,direct,
2024-01-26,42227.71,39814.87,39941.74,42739.48,1763833855.75,41816.55,direct,,2281.01,2194.89,2217.5,281209.33,631732275.0,2267.33,direct,
2024-01-27,42191.83,41393.22,41816.55,10632.46,444567824.09,42124.02,direct,,2282.56,2251.19,2267.33,121435.42,275424730.41,2267.97,direct,
2024-01-28,42822.8,41632.18,42124.02,16615.66,702267432.76,42028.92,direct,,2307.73,2239.84,2267.97,165618.01,376754792.96,2256.6,direct,
2024-01-29,43308.42,41804.05,42028.92,27783.74,1184671101.99,43302.28,direct,,2322.48,2233.69,2256.6,215146.92,490260629.87,2317.51,direct,
2024-01-30,43855.77,42690.4,43302.28,34500.06,1498626265.1,42943.64,direct,,2391.57,2297.16,2317.51,279970.77,655413615.82,2343.1,direct,
2024-01-31,43734.38,42276.82,42943.64,39491.24,1695950546.73,42555.08,direct,,2351.47,2263.16,2343.1,268083.72,621018581.0,2281.77,direct,
2024-02-01,43267.39,41855.88,42555.08,29018.49,1234469121.23,43073.2,direct,,2310.4,2239.78,2281.77,217264.4,495660912.66,2303.34,direct,
2024-02-02,43452.76,42536.21,43073.2,26779.09,1152442855.72,43181.71,direct,,2323.08,2280.8,2303.34,191680.68,441562111.31,2307.85,direct,
2024-02-03,43355.76,42874.37,43181.71,7556.6,325725942.96,42999.52,direct,,2328.23,2292.31,2307.85,96227.34,222308235.56,2295.87,direct,
2024-02-04,43093.79,42232.02,42999.52,9589.32,410404369.06,42570.21,direct,,2309.1,2267.59,2295.87,142393.17,326706078.21,2288.68,direct,
2024-02-05,43518.7,41931.59,42570.21,24867.17,1062866796.14,42664.56,direct,,2335.71,2268.15,2288.68,198435.62,456661905.21,2299.16,direct,
2024-02-06,43360.05,42526.92,42664.56,22482.95,966265875.57,43091.51,direct,,2392.04,2296.27,2299.16,306229.12,718267813.82,2372.2,direct,
2024-02-07,44402.0,42766.8,43091.51,30331.77,1319628672.43,44339.04,direct,,2473.23,2353.16,2372.2,272427.16,652240112.9,2424.33,direct,
2024-02-08,45622.13,44333.87,44339.04,39654.68,1785332802.43,45304.61,direct,,2462.14,2411.45,2424.33,348490.6,846989854.44,2419.79,direct,
2024-02-09,48208.27,45257.22,45304.61,50590.41,2379925849.32,47154.23,direct,,2523.95,2419.06,2419.79,403815.63,1002058339.27,2487.62,direct,
2024-02-10,48166.14,46894.61,47154.23,16452.46,780554926.36,47768.12,direct,,2517.14,2473.58,2487.62,150601.42,376068111.04,2500.87,direct,
2024-02-11,48597.46,47592.04,47768.12,19858.95,956986637.1,48311.16,direct,,2540.37,2494.72,2500.87,167579.98,421659247.33,2507.91,direct,
2024-02-12,50339.2,47718.59,48311.16,47112.86,2319184140.26,49942.97,direct,,2666.3,2472.79,2507.91,323858.15,833389992.06,2660.56,direct,
2024-02-13,50392.92,48336.83,49942.97,42027.05,2075339722.8,49733.11,direct,,2686.7,2591.27,2660.56,387685.63,1025294105.03,2641.6,direct,
2024-02-14,52085.66,49272.58,49733.11,43948.58,2252886326.88,51844.19,direct,,2788.42,2619.8,2641.6,359500.08,980680072.11,2777.51,direct,
2024-02-15,52845.45,51357.81,51844.19,42990.13,2239765884.49,51934.57,direct,,2867.69,2762.64,2777.51,397615.65,1118227404.91,2825.35,direct,
2024-02-16,52598.05,51604.88,51934.57,32295.2,1680749372.19,52163.28,direct,,2859.47,2744.76,2825.35,318932.07,896210606.48,2804.05,direct,
2024-02-17,52201.89,50647.34,52163.28,17696.94,910308869.83,51668.78,direct,,2806.14,2720.42,2804.05,165464.46,458634232.92,2787.0,direct,
2024-02-18,52393.59,51194.3,51668.78,14716.3,762533081.81,52139.33,direct,,2895.47,2766.78,2787.0,216262.87,610424136.56,2881.4,direct,
2024-02-19,52487.6,51691.25,52139.33,18980.36,989270690.85,51781.22,direct,,2984.2,2857.64,2881.4,326638.19,953161117.46,2945.0,direct,
2024-02-20,52985.95,50766.77,51781.22,39504.32,2050493239.79,52269.59,direct,,3032.5,2874.59,2945.0,436622.68,1285168708.83,3015.27,direct,
2024-02-21,52375.42,50633.49,52269.59,32665.42,1676374071.14,51854.36,direct,,3017.25,2869.15,3015.27,416859.98,1221365901.95,2968.67,direct,
2024-02-22,52056.01,50914.97,51854.36,30501.44,1573393306.75,51263.67,direct,,3035.27,2906.44,2968.67,398857.68,1186610554.8,2969.67,direct,
2024-02-23,51509.58,50523.07,51263.67,26365.93,1345274652.99,50744.07,direct,,2991.73,2906.28,2969.67,269457.9,792750968.62,2922.1,direct,
2024-02-24,51687.88,50583.66,50744.07,10707.22,548313000.54,51574.61,direct,,3005.45,2906.62,2922.1,145003.03,429496146.2,2992.35,direct,
2024-02-25,51957.87,51288.57,51574.61,12394.68,640224439.02,51727.63,direct,,3119.66,2983.68,2992.35,265770.75,812148194.41,3112.81,direct,
2024-02-26,54939.87,50920.53,51727.63,47961.27,2550669499.35,54518.58,direct,,3197.66,3037.24,3112.81,375179.84,1171482366.27,3178.24,direct,
2024-02-27,57612.94,54483.19,54518.58,62683.92,3546751167.69,57071.6,direct,,3288.82,3167.46,3178.24,373964.99,1211227367.65,3243.69,direct,
2024-02-28,64086.08,56726.31,57071.6,102181.72,6171823618.31,62507.1,direct,,3490.66,3194.42,3243.69,513048.44,1707770843.75,3386.34,direct,
2024-02-29,63652.76,60370.98,62507.1,84709.08,5259277822.5,61179.58,direct,,3520.76,3303.6,3386.34,399274.29,1367994605.43,3342.24,direct,
2024-03-01,63226.77,60795.21,61179.58,52747.33,3267402863.37,62431.25,direct,,3453.77,3340.92,3342.24,241624.87,823506213.17,3435.9,direct,
2024-03-02,62479.07,61631.05,62431.25,20264.53,1257238241.46,62038.39,direct,,3461.78,3398.38,3435.9,153210.01,524944019.98,3423.65,direct,
2024-03-03,63254.84,61392.4,62038.39,20301.48,1265273119.48,63149.43,direct,,3493.25,3365.52,3423.65,174122.89,598632307.05,3489.57,direct,
2024-03-04,68562.03,62363.97,63149.43,79177.16,5220774005.79,68338.64,direct,,3643.81,3436.14,3489.57,379175.59,1340904406.6,3631.85,direct,
2024-03-05,69244.55,59268.68,68338.64,126873.13,8263897912.84,63804.11,direct,,3826.7,3207.51,3631.85,732190.67,2637640132.83,3557.93,direct,
2024-03-06,67645.97,62851.27,63804.11,68031.77,4498440968.53,66115.57,direct,,3902.17,3502.64,3557.93,489295.58,1849427331.22,3821.19,direct,
2024-03-07,68065.89,65610.94,66115.57,41800.64,2804368120.13,66928.15,direct,,3939.52,3737.47,3821.19,295685.4,1132011899.65,3874.46,direct,
2024-03-08,70151.23,66173.73,66928.15,59361.92,4046244830.74,68269.39,direct,,4000.14,3828.33,3874.46,359382.61,1412263227.04,3891.97,direct,
2024-03-09,68663.92,68026.81,68269.39,16947.1,1158711168.05,68446.32,direct,,3950.61,3880.22,3891.97,138310.17,541613113.28,3913.28,direct,
2024-03-10,69976.84,68218.19,68446.32,27686.99,1919585405.6,69023.53,direct,,3971.32,3799.55,3913.28,190112.26,743460686.12,3881.86,direct,
2024-03-11,72872.77,67170.42,69023.53,62709.74,4476609937.75,72095.86,direct,,4091.01,3752.31,3881.86,374497.81,1493590506.66,4065.75,direct,
2024-03-12,72996.99,68636.43,72095.86,58546.01,4173072731.62,71449.5,direct,,4092.73,3832.09,4065.75,383635.95,1526774188.85,3979.43,direct,
2024-03-13,73672.14,71329.7,71449.5,41314.41,3008299520.61,73118.09,direct,,4083.88,3934.38,3979.43,286962.91,1150784389.88,4007.46,direct,
2024-03-14,73802.64,68493.91,73118.09,60699.01,4325873413.25,71366.96,direct,,4012.91,3719.25,4007.46,376891.87,1466371721.53,3880.8,direct,
2024-03-15,72394.97,65579.78,71366.96,73358.94,5016358153.02,69497.39,direct,,3931.65,3567.56,3880.8,487205.54,1806124095.18,3742.44,direct,
2024-03-16,70043.23,64783.87,69497.39,33956.52,2295869354.32,65260.55,direct,,3780.95,3467.22,3742.44,287100.39,1048207664.08,3520.08,direct,
2024-03-17,68873.88,64529.3,65260.55,29362.49,1962751757.05,68364.45,direct,,3676.55,3411.95,3520.08,273465.18,975546606.2,3641.61,direct,
2024-03-18,68925.18,66584.49,68364.45,38542.52,2602930945.01,67609.44,direct,,3642.66,3454.26,3641.61,301558.82,1071170431.07,3520.31,direct,
2024-03-19,68116.53,61529.15,67609.44,75848.91,4863914201.82,61924.02,direct,,3547.15,3149.03,3520.31,587955.64,1943259863.05,3158.44,direct,
2024-03-20,68139.33,60782.8,61924.02,69671.19,4466872469.25,67857.3,direct,,3535.92,3057.97,3158.44,658543.95,2169017019.63,3516.66,direct,
2024-03-21,68229.38,64548.09,67857.3,38234.75,2542747734.72,65493.22,direct,,3586.77,3411.44,3516.66,401675.9,1410320174.21,3492.08,direct,
2024-03-22,66643.64,62321.3,65493.22,37343.35,2395884490.04,63816.99,direct,,3542.29,3250.83,3492.08,405182.37,1374192771.15,3337.08,direct,
2024-03-23,66005.71,63025.99,63816.99,19360.47,1250716141.79,64004.42,direct,,3435.43,3271.78,3337.08,251602.31,846213410.27,3330.49,direct,
2024-03-24,67623.78,63802.82,64004.42,19120.87,1253420264.9,67208.33,direct,,3470.85,3300.55,3330.49,207564.45,700715597.16,3454.45,direct,
2024-03-25,71202.65,66400.46,67208.33,46100.6,3184570068.52,69892.26,direct,,3659.32,3420.9,3454.45,347674.26,1232616949.46,3590.96,direct,
2024-03-26,71558.85,69294.69,69892.26,32990.33,2319265484.04,69990.22,direct,,3680.41,3544.7,3590.96,302556.21,1092361093.56,3587.6,direct,
2024-03-27,71762.06,68384.71,69990.22,40450.72,2817965870.72,69434.46,direct,,3665.39,3459.06,3587.6,330442.76,1173800981.61,3499.77,direct,
2024-03-28,71593.93,68864.89,69434.46,31346.01,2214217706.88,70789.57,direct,,3611.7,3462.9,3499.77,279078.37,991858231.33,3561.1,direct,
2024-03-29,70925.04,69059.03,70789.57,17382.89,1216001428.98,69903.72,direct,,3584.55,3474.1,3561.1,201382.16,710475049.61,3511.49,direct,
2024-03-30,70356.07,69586.01,69903.72,7371.14,515940317.66,69629.99,direct,,3567.15,3488.56,3511.49,153144.16,538809534.91,3507.56,direct,
2024-03-31,71389.78,69601.39,69629.99,10567.65,745658086.55,71312.91,direct,,3654.87,3506.31,3507.56,157210.73,566598172.38,3645.98,direct,
2024-04-01,71325.61,68074.92,71312.91,28892.19,2005923775.26,69686.37,direct,,3646.35,3414.46,3645.98,266251.45,934917050.13,3505.52,direct,
2024-04-02,69703.1,64571.71,69686.37,48905.67,3234216304.99,65466.81,direct,,3507.54,3213.09,3505.52,406551.0,1350633378.51,3279.4,direct,
2024-04-03,66925.93,64514.87,65466.81,27792.87,1835055534.78,65986.11,direct,,3368.57,3203.99,3279.4,301025.74,997504814.36,3312.24,direct,
2024-04-04,69343.32,65081.42,65986.11,36673.5,2475521298.64,68523.79,direct,,3444.82,3252.11,3312.24,306389.28,1024032112.02,3329.17,direct,
2024-04-05,68772.34,65994.65,68523.79,32904.8,2219856764.99,67860.53,direct,,3348.68,3211.37,3329.17,301242.62,991902873.76,3319.12,direct,
2024-04-06,69672.09,67483.82,67860.53,11314.76,772361130.33,68913.79,direct,,3398.56,3308.84,3319.12,151035.71,504501846.56,3352.4,direct,
2024-04-07,70303.08,68877.35,68913.79,13691.75,951477284.85,69357.32,direct,,3459.61,3345.47,3352.4,153705.66,522076832.37,3453.85,direct,
2024-04-08,72750.51,69064.41,69357.32,36459.33,2607488940.79,71629.36,direct,,3728.57,3407.31,3453.85,348354.17,1257790924.33,3694.7,direct,
2024-04-09,71748.92,68213.24,71629.36,34538.71,2411758700.3,69129.48,direct,,3726.03,3452.88,3694.7,330003.13,1184278583.93,3504.83,direct,
2024-04-10,71150.5,67480.7,69129.48,37142.44,2563902180.98,70628.54,direct,,3562.32,3413.05,3504.83,287616.46,1006631402.92,3545.56,direct,
2024-04-11,71297.81,69558.05,70628.54,24988.45,1758820969.32,70026.43,direct,,3617.34,3473.65,3545.56,225366.27,796534108.67,3503.21,direct,
2024-04-12,71246.69,65257.57,70026.43,49331.17,3367653179.18,67158.3,direct,,3552.91,3095.49,3503.21,415871.51,1387659435.48,3239.12,direct,
2024-04-13,68422.6,61079.47,67158.3,56915.71,3689543158.77,64021.36,direct,,3301.9,2832.33,3239.12,617652.5,1908312548.54,3011.51,direct,
2024-04-14,65874.88,62229.8,64021.36,40968.04,2627998512.52,65765.64,direct,,3175.48,2911.99,3011.51,480594.13,1464413624.74,3158.26,direct,
2024-04-15,66902.94,62328.07,65765.64,40978.19,2658417494.41,63447.27,direct,,3280.66,3025.93,3158.26,393938.85,1244925295.21,3103.0,direct,
2024-04-16,64385.46,61667.72,63447.27,35542.55,2234500815.41,63824.7,direct,,3128.0,2991.76,3103.0,359785.72,1102919090.86,3085.42,direct,
2024-04-17,64503.77,59682.79,63824.7,41504.19,2562816108.8,61283.74,direct,,3123.61,2914.87,3085.42,323995.26,978463368.36,2985.12,direct,
2024-04-18,64181.25,60829.27,61283.74,31452.84,1972785716.37,63511.2,direct,,3095.76,2953.19,2985.12,288067.39,873530402.2,3065.69,direct,
2024-04-19,65491.94,59607.49,63511.2,46058.39,2923364930.21,63848.26,direct,,3128.53,2866.07,3065.69,342783.81,1045944600.77,3057.95,direct,
2024-04-20,65453.07,63140.68,63848.26,13464.03,866105478.99,64979.21,direct,,3172.03,3020.15,3057.95,167131.32,516137769.98,3157.04,direct,
2024-04-21,65724.22,64271.77,64979.21,13150.64,854324202.42,64955.82,direct,,3198.43,3117.72,3157.04,148983.34,470671773.32,3148.11,direct,
2024-04-22,67257.68,64536.42,64955.82,22839.75,1510230897.53,66854.24,direct,,3237.49,3130.02,3148.11,209637.54,669498961.12,3201.55,direct,
2024-04-23,67211.15,65835.93,66854.24,17575.6,1169300050.32,66415.06,direct,,3265.06,3153.66,3201.55,213483.88,685076398.96,3219.78,direct,
2024-04-24,67067.52,63556.97,66415.06,28785.93,1878460968.73,64263.95,direct,,3293.6,3103.6,3219.78,269991.9,864542926.86,3139.1,direct,
2024-04-25,65279.7,62759.65,64263.95,26730.52,1713069016.97,64488.49,direct,,3191.65,3072.07,3139.1,281066.14,882134092.22,3155.47,direct,
2024-04-26,64795.15,63307.56,64488.49,19914.4,1275865834.83,63750.63,direct,,3166.44,3101.66,3155.47,219855.93,689663958.95,3130.07,direct,
2024-04-27,63904.85,62408.97,63750.63,12684.85,799665556.56,63434.44,direct,,3281.58,3068.25,3130.07,203602.38,643382820.24,3253.23,direct,
2024-04-28,64335.08,62769.01,63434.44,10104.62,642628554.25,63111.34,direct,,3356.14,3247.4,3253.23,205463.5,678357043.13,3262.43,direct,
2024-04-29,64192.54,61768.51,63111.34,21849.86,1370557060.16,63847.54,direct,,3286.13,3115.53,3262.43,267685.05,852862297.95,3215.73,direct,
2024-04-30,64721.13,59097.29,63847.54,41212.82,2518380270.05,60633.97,direct,,3249.56,2916.96,3215.73,361691.81,1098924247.19,3011.46,direct,
2024-05-01,60788.52,56516.09,60633.97,52053.76,3014503800.73,58277.44,direct,,3020.24,2814.92,3011.46,435377.76,1273126182.34,2968.82,direct,
2024-05-02,59628.08,56936.28,58277.44,29471.89,1724718703.27,59083.85,direct,,3016.2,2891.41,2968.82,272328.54,807841703.83,2986.41,direct,
2024-05-03,63355.83,58835.76,59083.85,35180.41,2147038663.01,62917.45,direct,,3128.05,2958.91,2986.41,277060.08,840705738.28,3103.77,direct,
2024-05-04,64539.14,62587.84,62917.45,16206.9,1029192793.92,63904.51,direct,,3168.22,3094.62,3103.77,147176.47,459744729.64,3117.52,direct,
2024-05-05,64634.43,62923.47,63904.51,12595.62,803966989.59,64037.5,direct,,3171.62,3074.21,3117.52,152383.35,476413151.08,3137.09,direct,
2024-05-06,65517.33,62715.9,64037.5,24082.55,1537928462.74,63168.44,direct,,3221.37,3046.59,3137.09,237439.94,741977976.88,3063.19,direct,
2024-05-07,64403.15,62274.09,63168.44,20907.17,1326416673.48,62323.36,direct,,3129.75,3000.11,3063.19,221350.09,679034472.49,3005.91,direct,
2024-05-08,63004.6,60867.52,62323.36,18593.4,1155791451.43,61179.81,direct,,3037.87,2937.08,3005.91,241568.02,724279038.67,2973.31,direct,
2024-05-09,63429.98,60623.94,61179.81,18440.55,1140626858.17,63077.18,direct,,3058.63,2949.86,2973.31,211428.59,633874345.6,3035.93,direct,
2024-05-10,63469.13,60181.24,63077.18,25390.35,1565941805.66,60790.82,direct,,3053.17,2878.86,3035.93,258568.64,765131256.66,2909.58,direct,
2024-05-11,61489.54,60474.73,60790.82,8298.11,505608099.69,60823.19,direct,,2944.04,2886.48,2909.58,125899.86,367160920.04,2911.82,direct,
2024-05-12,61838.51,60600.9,60823.19,8214.5,502848342.69,61459.22,direct,,2954.09,2900.58,2911.82,111406.04,325974911.48,2927.97,direct,
2024-05-13,63445.72,60758.38,61459.22,21250.01,1327733464.12,62932.29,direct,,2994.62,2864.31,2927.97,261787.73,769541695.03,2950.16,direct,
2024-05-14,63097.07,61094.77,62932.29,26392.04,1636519845.72,61548.48,direct,,2960.08,2859.65,2950.16,249247.21,724637752.4,2880.64,direct,
2024-05-15,66467.29,61325.48,61548.48,40708.36,2625073579.59,66245.16,direct,,3041.55,2862.97,2880.64,250539.77,740315343.71,3033.46,direct,
2024-05-16,66760.54,64600.05,66245.16,24275.96,1596664354.59,65250.53,direct,,3041.6,2924.04,3033.46,221619.51,660576487.83,2945.17,direct,
2024-05-17,67489.24,65120.39,65250.53,23340.48,1552274385.82,67051.35,direct,,3121.45,2933.76,2945.17,237502.45,724015765.69,3093.44,direct,
2024-05-18,67397.7,66633.01,67051.35,8752.24,586174043.35,66927.56,direct,,3147.62,3085.46,3093.44,131838.78,410558780.4,3123.72,direct,
2024-05-19,67696.21,65878.18,66927.56,9725.64,650338446.5,66268.25,direct,,3137.07,3054.06,3123.72,139746.96,431923921.13,3070.68,direct,
2024-05-20,71546.4,66071.74,66268.25,38260.49,2624709812.32,71430.23,direct,,3694.25,3048.64,3070.68,613409.29,2059788024.65,3661.58,direct,
2024-05-21,71964.79,69158.99,71430.23,30747.6,2169803609.99,70141.17,direct,,3838.22,3626.39,3661.58,610857.21,2282068734.66,3789.36,direct,
2024-05-22,70643.89,68952.24,70141.17,22981.44,1603267534.2,69123.56,direct,,3812.19,3653.74,3789.36,379891.06,1420963880.22,3736.33,direct,
2024-05-23,70037.76,66370.0,69123.56,28168.79,1922285401.83,67946.35,direct,,3945.85,3545.21,3736.33,669270.47,2537742098.36,3781.61,direct,
2024-05-24,69264.17,66613.35,67946.35,18239.62,1242012319.42,68548.33,direct,,3827.36,3628.42,3781.61,288764.04,1074712165.87,3727.14,direct,
2024-05-25,69599.81,68498.87,68548.33,5972.0,412212332.66,69288.95,direct,,3777.86,3708.25,3727.14,99783.57,373668589.73,3749.23,direct,
2024-05-26,69511.53,68156.05,69288.95,5502.87,379159635.92,68488.29,direct,,3882.33,3731.48,3749.23,161510.02,616285834.19,3824.34,direct,
2024-05-27,70613.89,68227.32,68488.29,13110.64,909946343.46,69386.83,direct,,3973.81,3821.86,3824.34,205569.41,804496436.45,3891.26,direct,
2024-05-28,69533.54,67206.37,69386.83,22223.83,1514489243.92,68330.84,direct,,3926.23,3769.74,3891.26,233210.02,898526969.71,3840.39,direct,
2024-05-29,68858.38,67099.33,68330.84,16353.37,1108570253.28,67576.81,direct,,3883.1,3740.97,3840.39,230073.49,873454576.08,3762.22,direct,
2024-05-30,69520.94,67107.22,67576.81,20828.64,1424914242.82,68346.19,direct,,3823.86,3700.91,3762.22,207732.71,781849408.11,3746.97,direct,
2024-05-31,69012.82,66605.09,68346.19,19922.04,1349659294.8,67482.25,direct,,3844.09,3720.98,3746.97,225857.18,851837584.52,3758.65,direct,
2024-06-01,67831.31,67383.55,67482.25,4400.74,297719480.73,67721.6,direct,,3829.62,3748.85,3758.65,97005.74,367756459.88,3812.81,direct,
2024-06-02,68409.58,67279.96,67721.6,6731.43,456585602.02,67738.74,direct,,3834.79,3750.64,3812.81,123116.68,466824951.42,3779.06,direct,
2024-06-03,70283.97,67584.62,67738.74,22783.46,1575608100.17,68799.6,direct,,3849.89,3758.03,3779.06,171897.5,653009594.07,3766.32,direct,
2024-06-04,71090.99,68553.54,68799.6,29746.55,2084571763.56,70548.51,direct,,3832.27,3731.38,3766.32,161833.45,612657331.91,3810.73,direct,
2024-06-05,71782.2,70371.34,70548.51,21737.62,1545204312.75,71117.68,direct,,3887.65,3778.47,3810.73,170665.85,652385687.52,3866.46,direct,
2024-06-06,71642.27,70113.83,71117.68,16078.4,1141567996.37,70772.35,direct,,3878.9,3758.9,3866.46,140945.2,540297339.89,3812.05,direct,
2024-06-07,71943.4,68439.15,70772.35,28318.21,1992355199.22,69330.51,direct,,3839.68,3584.45,3812.05,249976.03,935183066.83,3676.79,direct,
2024-06-08,69547.91,69152.66,69330.51,5753.02,399100009.36,69303.58,direct,,3707.87,3660.99,3676.79,80031.59,294854677.9,3680.84,direct,
2024-06-09,69837.26,69131.01,69303.58,5137.66,357128157.69,69639.42,direct,,3721.77,3666.37,3680.84,64608.0,238542651.45,3706.0,direct,
2024-06-10,70172.0,69166.61,69639.42,12116.49,843477987.58,69505.57,direct,,3712.47,3643.95,3706.0,115082.08,423204164.35,3665.99,direct,
2024-06-11,69550.65,66054.78,69505.57,31800.9,2141818771.53,67319.41,direct,,3671.15,3420.98,3665.99,327115.24,1153310772.38,3497.32,direct,
2024-06-12,70021.47,66896.79,67319.41,31159.85,2139401386.85,68247.0,direct,,3656.3,3462.28,3497.32,236419.7,843561060.98,3559.25,direct,
2024-06-13,68428.43,66224.61,68247.0,23051.5,1550737143.4,66742.54,direct,,3560.44,3426.66,3559.25,244679.96,853785190.92,3467.79,direct,
2024-06-14,67317.79,65026.62,66742.54,24684.72,1633598669.38,66006.13,direct,,3529.49,3360.4,3467.79,263322.79,910398097.21,3479.74,direct,
2024-06-15,66419.48,65832.26,66006.13,6139.62,406250537.71,66188.81,direct,,3591.34,3471.43,3479.74,160975.62,569541552.37,3566.61,direct,
2024-06-16,66916.83,66012.05,66188.81,6512.06,433017008.55,66631.59,direct,,3650.47,3539.39,3566.61,123587.85,443668310.23,3622.37,direct,
2024-06-17,67264.71,65062.53,66631.59,28974.78,1917243316.16,66481.73,direct,,3636.6,3464.1,3622.37,293898.69,1040317235.48,3510.08,direct,
2024-06-18,66570.67,64033.69,66481.73,35263.17,2293594296.72,65158.02,direct,,3515.3,3360.4,3510.08,360756.73,1235708665.8,3482.27,direct,
2024-06-19,65708.56,64656.84,65158.02,13478.88,878187235.08,64950.82,direct,,3585.45,3464.99,3482.27,277087.04,981355099.29,3558.97,direct,
2024-06-20,66462.52,64527.9,64950.82,22559.77,1473091625.51,64847.89,direct,,3624.03,3484.24,3558.97,285337.3,1013417559.96,3510.94,direct,
2024-06-21,65018.39,63350.87,64847.89,22310.94,1427909531.59,64119.34,direct,,3545.62,3445.09,3510.94,285086.02,997489348.48,3517.28,direct,
2024-06-22,64500.0,63924.68,64119.34,5570.5,358155105.44,64250.18,direct,,3520.1,3474.17,3517.28,92237.39,322568484.7,3494.25,direct,
2024-06-23,64504.84,63154.88,64250.18,6504.7,416250575.81,63181.02,direct,,3519.63,3405.61,3494.25,128959.72,447200216.36,3418.62,direct,
2024-06-24,63335.53,58443.98,63181.02,48177.24,2938115761.51,60270.95,direct,,3432.39,3238.76,3418.62,432111.09,1436399345.37,3350.54,direct,
2024-06-25,62385.37,60232.04,60270.95,31697.13,1946492862.08,61796.56,direct,,3429.63,3335.17,3350.54,268888.0,910221643.15,3393.91,direct,
2024-06-26,62471.55,60684.69,61796.56,23423.63,1436803387.64,60824.43,direct,,3424.88,3324.89,3393.91,233222.44,787394906.99,3369.46,direct,
2024-06-27,62341.3,60562.27,60824.43,22562.67,1385461549.94,61630.1,direct,,3473.86,3360.17,3369.46,202794.81,694115777.85,3445.8,direct,
2024-06-28,62168.03,59907.92,61630.1,24288.31,1481619028.88,60324.3,direct,,3484.29,3361.15,3445.8,237892.69,813695887.0,3373.8,direct,
2024-06-29,61129.31,60294.22,60324.3,9214.26,560710968.57,60905.3,direct,,3402.58,3367.02,3373.8,73783.39,249697553.04,3373.52,direct,
2024-06-30,62949.76,60637.5,60905.3,12626.61,778765578.43,62685.88,direct,,3454.57,3348.22,3373.52,113753.11,386215815.53,3432.82,direct,
2024-07-01,63800.98,62462.2,62685.88,25708.72,1623104957.15,62841.27,direct,,3519.01,3421.6,3432.82,194043.88,673689774.3,3438.83,direct,
2024-07-02,63219.74,61453.08,62841.27,20510.77,1278702453.96,62044.48,direct,,3460.32,3397.31,3438.83,133508.19,457927979.27,3416.41,direct,
2024-07-03,62198.73,59373.07,62044.48,27365.92,1653064013.62,60157.2,direct,,3427.05,3248.43,3416.41,252160.2,836070409.6,3292.16,direct,
2024-07-04,60428.43,56728.63,60157.2,40351.82,2342236881.51,57041.11,direct,,3309.66,3050.24,3292.16,331942.98,1049223019.3,3058.81,direct,
2024-07-05,57494.97,53528.09,57041.11,57490.15,3198812323.21,56646.24,direct,,3107.89,2813.4,3058.81,590544.78,1738218188.02,2982.07,direct,
2024-07-06,58495.08,56035.03,56646.24,18766.95,1072779742.28,58255.65,direct,,3081.82,2956.02,2982.07,186751.41,563019491.33,3067.54,direct,
2024-07-07,58452.39,55734.13,58255.65,18402.28,1053256457.42,55866.6,direct,,3073.37,2922.6,3067.54,194303.14,581743502.23,2931.2,direct,
2024-07-08,58166.93,54305.08,55866.6,43439.51,2441024283.07,56709.76,direct,,3095.59,2823.46,2931.2,446084.06,1324818646.47,3018.49,direct,
2024-07-09,58289.53,56296.1,56709.76,29452.6,1692558128.7,58047.2,direct,,3113.28,3003.39,3018.49,270137.34,827566369.94,3066.44,direct,
2024-07-10,59463.57,57165.19,58047.2,28064.27,1631984559.89,57725.78,direct,,3151.0,3024.32,3066.44,266996.85,827331929.61,3100.44,direct,
2024-07-11,59494.11,57072.63,57725.78,29764.17,1729366992.27,57348.75,direct,,3216.8,3055.15,3100.44,306401.14,959215308.08,3099.49,direct,
2024-07-12,58543.78,56554.34,57348.75,27242.71,1567843358.24,57913.68,direct,,3158.27,3045.45,3099.49,263282.49,816437009.68,3134.62,direct,
2024-07-13,59866.89,57784.15,57913.68,13963.3,819172857.7,59231.06,direct,,3203.26,3114.5,3134.62,143528.6,452734839.69,3176.67,direct,
2024-07-14,61424.95,59222.6,59231.06,20080.87,1207899406.9,60818.77,direct,,3269.15,3164.68,3176.67,179824.84,576393568.87,3246.12,direct,
2024-07-15,64936.75,60688.12,60818.77,43679.34,2752990856.54,64765.55,direct,,3495.92,3234.16,3246.12,372645.85,1256447785.47,3485.5,direct,
2024-07-16,65399.48,62434.72,64765.55,38850.8,2492930912.34,65087.61,direct,,3500.11,3348.6,3485.5,381716.86,1311168548.22,3446.19,direct,
2024-07-17,66131.67,63872.53,65087.61,28170.64,1830962929.69,64096.64,direct,,3518.37,3377.02,3446.19,290332.97,1002846011.47,3387.66,direct,
2024-07-18,65118.55,63235.08,64096.64,21904.27,1405605268.54,63981.43,direct,,3489.81,3367.76,3387.66,294308.06,1008326515.58,3425.94,direct,
2024-07-19,67468.45,63305.25,63981.43,33756.81,2214983951.52,66708.49,direct,,3542.18,3376.46,3425.94,362043.38,1249532745.89,3506.0,direct,
2024-07-20,67626.82,66291.51,66708.49,12566.25,840850489.36,67163.86,direct,,3541.04,3482.21,3506.0,155617.03,545578065.02,3518.85,direct,
2024-07-21,68370.58,65840.58,67163.86,18123.31,1219084237.52,68176.98,direct,,3547.99,3413.6,3518.85,237146.07,829407003.8,3536.46,direct,
2024-07-22,68490.59,66594.51,68176.98,26712.99,1805561349.3,67567.71,direct,,3563.26,3424.39,3536.46,293172.34,1021404115.3,3441.05,direct,
2024-07-23,67774.86,65465.88,67567.71,29465.67,1958486045.34,65939.83,direct,,3541.2,3390.66,3441.05,497692.19,1727769821.29,3483.07,direct,
2024-07-24,67120.99,65112.45,65939.83,21576.01,1426727978.64,65375.53,direct,,3488.34,3305.26,3483.07,374294.59,1276136904.66,3335.15,direct,
2024-07-25,66154.31,63429.11,65375.53,29473.48,1902596712.12,65794.0,direct,,3342.09,3086.98,3335.15,629226.14,1993255125.39,3174.48,direct,
2024-07-26,68157.2,65734.24,65794.0,22869.28,1538684506.3,67458.02,direct,,3285.73,3170.16,3174.48,328525.13,1065650932.29,3253.85,direct,
